filename,name,year,month,monthNumber,day,formattedDate,fileTimestamp,extractedAt,uniqueKey
1746168099_5840_Semi Weekly 02.05.2025 FRIDAY.pdf,Price List - May 2025 - 02 May,2025,May,5,2,2025-05-02,1746168099,2025-05-02T20:44:48.717Z,2025-5-02
1746426909_1597_SEMI WEEKLY DTD.05.05.2025 MONDAY_.pdf,Price List - May 2025 - 05 May,2025,May,5,5,2025-05-05,1746426909,2025-05-05T07:00:02.889Z,2025-5-05
1746688768_962_Semi Weekly 08.05.2025 THURSDAY.pdf,Price List - May 2025 - 08 May,2025,May,5,8,2025-05-08,1746688768,2025-05-08T07:30:03.728Z,2025-5-08
1747029006_6994_SEMI WEEKLY DTD.12.05.2025 MONDAY_.pdf,Price List - May 2025 - 12 May,2025,May,5,12,2025-05-12,1747029006,2025-05-12T05:59:57.175Z,2025-5-12
1747295962_920_Semi Weekly 15.05.2025 THURSDAY.pdf,Price List - May 2025 - 15 May,2025,May,5,15,2025-05-15,1747295962,2025-05-15T08:00:00.072Z,2025-5-15
1747634868_4665_SEMI WEEKLY DTD.19.05.2025 MONDAY_.pdf,Price List - May 2025 - 19 May,2025,May,5,19,2025-05-19,1747634868,2025-05-19T06:29:58.478Z,2025-5-19
1747896407_3658_Semi Weekly 22.05.2025 THURSDAY.pdf,Price List - May 2025 - 22 May,2025,May,5,22,2025-05-22,1747896407,2025-05-22T06:59:54.425Z,2025-5-22
1748242161_3267_SEMI WEEKLY DTD.26.05.2025 MONDAY..pdf,Price List - May 2025 - 26 May,2025,May,5,26,2025-05-26,1748242161,2025-05-26T06:59:51.876Z,2025-5-26
1748497346_648_Semi Weekly 29.05.2025 THURSDAY.pdf,Price List - May 2025 - 29 May,2025,May,5,29,2025-05-29,1748497346,2025-05-29T05:59:51.395Z,2025-5-29
1748847770_2734_SEMI WEEKLY DTD.02.06.2025 MONDAY_.pdf,Price List - June 2025 - 2 June,2025,June,6,2,2025-06-02,1748847770,2025-06-02T07:29:51.815Z,2025-6-2
1749104798_6720_Semi Weekly 05.06.2025 THURSDAY.pdf,Price List - June 2025 - 5 June,2025,June,6,5,2025-06-05,1749104798,2025-06-05T06:29:51.233Z,2025-6-5
1749449428_9336_SEMI WEEKLY DTD.09.06.2025 MONDAY_.pdf,Price List - June 2025 - 9 June,2025,June,6,9,2025-06-09,1749449428,2025-06-09T06:29:46.674Z,2025-6-9
1749710293_9511_Semi Weekly 12.06.2025 THURSDAY.pdf,Price List - June 2025 - 12 June,2025,June,6,12,2025-06-12,1749710293,2025-06-12T06:59:49.247Z,2025-6-12
1750054060_7225_SEMI WEEKLY DTD.16.06.2025 MONDAY_.pdf,Price List - June 2025 - 16 June,2025,June,6,16,2025-06-16,1750054060,2025-06-16T06:29:40.805Z,2025-6-16
1738217867_1961_Semi Weekly 30.01.2025 THURSDAY.pdf,Price List - Jan 2025 - 30 January,2025,Jan,1,30,2025-01-30,1738217867,2025-06-18T09:42:33.634Z,2025-1-30
1738046834_5913_SEMI WEEKLY DTD.27.01.2025 MONDAY_.pdf,Price List - Jan 2025 - 27 January,2025,Jan,1,27,2025-01-27,1738046834,2025-06-18T09:42:33.634Z,2025-1-27
1737616380_2525_Semi Weekly 23.01.2025 THURSDAY.pdf,Price List - Jan 2025 - 23 January,2025,Jan,1,23,2025-01-23,1737616380,2025-06-18T09:42:33.634Z,2025-1-23
1737355766_4902_SEMI WEEKLY DTD.20.01.2025 MONDAY_.pdf,Price List - Jan 2025 - 20 January,2025,Jan,1,20,2025-01-20,1737355766,2025-06-18T09:42:33.634Z,2025-1-20
1737183937_200_Semi Weekly 16.01.2025 THURSDAY.pdf,Price List - Jan 2025 - 16 January,2025,Jan,1,16,2025-01-16,1737183937,2025-06-18T09:42:33.634Z,2025-1-16
1736761446_1075_SEMI WEEKLY DTD.13.01.2025 MONDAY_.pdf,Price List - Jan 2025 - 13 January,2025,Jan,1,13,2025-01-13,1736761446,2025-06-18T09:42:33.634Z,2025-1-13
1736403657_7762_Semi Weekly 09.01.2025 THURSDAY.pdf,Price List - Jan 2025 - 9 January,2025,Jan,1,9,2025-01-09,1736403657,2025-06-18T09:42:33.634Z,2025-1-9
1736138131_8004_SEMI WEEKLY DTD.06.01.2025 MONDAY_.pdf,Price List - Jan 2025 - 6 January,2025,Jan,1,6,2025-01-06,1736138131,2025-06-18T09:42:33.634Z,2025-1-6
1735793304_3657_Semi Weekly 02.01.2025 THURSDAY.pdf,Price List - Jan 2025 - 2 January,2025,Jan,1,2,2025-01-02,1735793304,2025-06-18T09:42:33.634Z,2025-1-2
1750406606_332_Semi Weekly 19.06.2025 THURSDAY.pdf,Price List - June 2025 - 19 June,2025,June,6,19,2025-06-19,1750406606,2025-06-20T13:03:06.953Z,2025-6-19
1750659378_272_SEMI WEEKLY DTD.23.06.2025 MONDAY_.pdf,Price List - June 2025 - 23 June,2025,June,6,23,2025-06-23,1750659378,2025-06-23T13:15:42.570Z,2025-6-23
1750922655_9002_Semi Weekly 26.06.2025 THURSDAY.pdf,Price List - June 2025 - 26 June,2025,June,6,26,2025-06-26,1750922655,2025-06-26T07:30:14.770Z,2025-6-26
1751870404_9422_SEMI WEEKLY DTD.07.07.2025 MONDAY_.pdf,Price List - July 2025 - 7 July,2025,July,7,7,2025-07-07,1751870404,2025-07-07T07:00:11.349Z,2025-7-7
1751523312_4410_Semi Weekly 03.07.2025 THURSDAY.pdf,Price List - July 2025 - 3 July,2025,July,7,3,2025-07-03,1751523312,2025-07-07T07:00:11.349Z,2025-7-3
1751263959_9421_SEMI WEEKLY DTD.30.06.2025 MONDAY_.pdf,Price List - June 2025 - 30 June,2025,June,6,30,2025-06-30,1751263959,2025-07-07T07:00:11.349Z,2025-6-30
1752130931_3271_Semi Weekly 10.07.2025 THURSDAY.pdf,Price List - July 2025 - 10 July,2025,July,7,10,2025-07-10,1752130931,2025-07-10T07:30:12.714Z,2025-7-10
1703743573_7507_Semi Weekly DTD.28.12.2023 THURSDAY_.pdf,Price List - Dec 2023 - 28 December,2023,Dec,12,28,2023-12-28,1703743573,2025-07-13T17:18:22.460Z,2023-12-28
1703484059_3463_Semi Weekly DTD. 25.12.2023 MONDAY_.pdf,Price List - Dec 2023 - 25 December,2023,Dec,12,25,2023-12-25,1703484059,2025-07-13T17:18:22.460Z,2023-12-25
1703139922_2129_Semi Weekly DTD.21.12.2023 THURSDAY_.pdf,Price List - Dec 2023 - 21 December,2023,Dec,12,21,2023-12-21,1703139922,2025-07-13T17:18:22.460Z,2023-12-21
1702880477_7265_Semi Weekly DTD. 18.12.2023 MONDAY..pdf,Price List - Dec 2023 - 18 December,2023,Dec,12,18,2023-12-18,1702880477,2025-07-13T17:18:22.460Z,2023-12-18
1702534924_3205_Semi Weekly DTD.14.12.2023 THURSDAY_.pdf,Price List - Dec 2023 - 14 December,2023,Dec,12,14,2023-12-14,1702534924,2025-07-13T17:18:22.460Z,2023-12-14
1702274544_1613_Semi Weekly DTD. 11.12.2023 MONDAY_.pdf,Price List - Dec 2023 - 11 December,2023,Dec,12,11,2023-12-11,1702274544,2025-07-13T17:18:22.460Z,2023-12-11
1701930707_1285_Semi Weekly DTD.07.12.2023 THURSDAY_.pdf,Price List - Dec 2023 - 7 December,2023,Dec,12,7,2023-12-07,1701930707,2025-07-13T17:18:22.460Z,2023-12-7
1701670664_6076_Semi Weekly DTD. 04.12.2023 MONDAY_.pdf,Price List - Dec 2023 - 4 December,2023,Dec,12,4,2023-12-04,1701670664,2025-07-13T17:18:22.460Z,2023-12-4
1701325259_8403_Semi Weekly DTD.30.11.2023 THURSDAY..pdf,Price List - Nov 2023 - 30 November,2023,Nov,11,30,2023-11-30,1701325259,2025-07-13T17:18:22.460Z,2023-11-30
1701157283_3709_Semi Weekly DTD. 27.11.2023 MONDAY..pdf,Price List - Nov 2023 - 27 November,2023,Nov,11,27,2023-11-27,1701157283,2025-07-13T17:18:22.460Z,2023-11-27
1700723811_3274_Semi Weekly DTD.23.11.2023 THURSDAY_.pdf,Price List - Nov 2023 - 23 November,2023,Nov,11,23,2023-11-23,1700723811,2025-07-13T17:18:22.460Z,2023-11-23
1700550606_7708_Semi Weekly DTD. 20.11.2023 MONDAY_.pdf,Price List - Nov 2023 - 20 November,2023,Nov,11,20,2023-11-20,1700550606,2025-07-13T17:18:22.460Z,2023-11-20
1700123911_9170_Semi Weekly DTD.16.11.2023 THURSDAY_.pdf,Price List - Nov 2023 - 16 November,2023,Nov,11,16,2023-11-16,1700123911,2025-07-13T17:18:22.460Z,2023-11-16
1699509899_2323_Semi Weekly DTD.09.11.2023 THURSDAY_.pdf,Price List - Nov 2023 - 9 November,2023,Nov,11,9,2023-11-09,1699509899,2025-07-13T17:18:22.460Z,2023-11-9
1699252365_7317_Semi Weekly DTD. 06.11.2023 MONDAY_.pdf,Price List - Nov 2023 - 6 November,2023,Nov,11,6,2023-11-06,1699252365,2025-07-13T17:18:22.460Z,2023-11-6
1698903787_3762_Semi Weekly DTD.02.11.2023 THURSDAY_.pdf,Price List - Nov 2023 - 2 November,2023,Nov,11,2,2023-11-02,1698903787,2025-07-13T17:18:22.460Z,2023-11-2
1698821767_4381_Semi Weekly DTD. 30.10.2023 MONDAY_.pdf,Price List - October 2023 - 30 October,2023,October,10,30,2023-10-30,1698821767,2025-07-13T17:18:22.460Z,2023-10-30
1698302913_2090_Semi Weekly DTD.26.10.2023 THURSDAY_.pdf,Price List - October 2023 - 26 October,2023,October,10,26,2023-10-26,1698302913,2025-07-13T17:18:22.460Z,2023-10-26
1698043042_1060_Semi Weekly DTD. 23.10.2023 MONDAY_.pdf,Price List - October 2023 - 23 October,2023,October,10,23,2023-10-23,1698043042,2025-07-13T17:18:22.460Z,2023-10-23
1697695597_2109_Semi Weekly DTD.19.10.2023 THURSDAY_.pdf,Price List - October 2023 - 19 October,2023,October,10,19,2023-10-19,1697695597,2025-07-13T17:18:22.460Z,2023-10-19
1697438112_4735_Semi Weekly DTD. 16.10.2023 MONDAY_.pdf,Price List - October 2023 - 16 October,2023,October,10,16,2023-10-16,1697438112,2025-07-13T17:18:22.460Z,2023-10-16
1697090824_583_Semi Weekly DTD.12.10.2023 THURSDAY_.pdf,Price List - October 2023 - 12 October,2023,October,10,12,2023-10-12,1697090824,2025-07-13T17:18:22.460Z,2023-10-12
1696831767_5082_Semi Weekly DTD. 09.10.2023 MONDAY_.pdf,Price List - October 2023 - 9 October,2023,October,10,9,2023-10-09,1696831767,2025-07-13T17:18:22.460Z,2023-10-9
1696492668_4449_Semi Weekly DTD.05.10.2023 THURSDAY_.pdf,Price List - October 2023 - 5 October,2023,October,10,5,2023-10-05,1696492668,2025-07-13T17:18:22.460Z,2023-10-5
1696313149_2828_SEMI WEEKLY DTD.02.10.2023 MONDAY.pdf,Price List - October 2023 - 2 October,2023,October,10,2,2023-10-02,1696313149,2025-07-13T17:18:22.460Z,2023-10-2
1695885448_6434_Semi Weekly DTD.28.09.2023THURSDAY_.pdf,Price List - September 2023 - 28 September,2023,September,9,28,2023-09-28,1695885448,2025-07-13T17:18:22.460Z,2023-9-28
1695624119_8995_SEMI WEEKLY DTD.25.09.2023 MONDAY.pdf,Price List - September 2023 - 25 September,2023,September,9,25,2023-09-25,1695624119,2025-07-13T17:18:22.460Z,2023-9-25
1695276397_5529_Semi Weekly DTD.21.09.2023THURSDAY_.pdf,Price List - September 2023 - 21 September,2023,September,9,21,2023-09-21,1695276397,2025-07-13T17:18:22.460Z,2023-9-21
1695018182_2285_Semi Weekly DTD.18.09.2023MONDAY_.pdf,Price List - September 2023 - 18 September,2023,September,9,18,2023-09-18,1695018182,2025-07-13T17:18:22.460Z,2023-9-18
1694672346_654_Semi Weekly DTD.14.09.2023THURSDAY_.pdf,Price List - September 2023 - 14 September,2023,September,9,14,2023-09-14,1694672346,2025-07-13T17:18:22.460Z,2023-9-14
1694413236_162_SEMI WEEKLY DTD.11.09.2023 MONDAY.pdf,Price List - September 2023 - 11 September,2023,September,9,11,2023-09-11,1694413236,2025-07-13T17:18:22.460Z,2023-9-11
1694067882_1575_Semi Weekly DTD.07.09.2023THURSDAY_.pdf,Price List - September 2023 - 7 September,2023,September,9,7,2023-09-07,1694067882,2025-07-13T17:18:22.460Z,2023-9-7
1693808229_2656_SEMI WEEKLY DTD.04.09.2023 MONDAY.pdf,Price List - September 2023 - 4 September,2023,September,9,4,2023-09-04,1693808229,2025-07-13T17:18:22.460Z,2023-9-4
1693462806_188_Semi Weekly DTD.31.08.2023THURSDAY_.pdf,Price List - August 2023 - 31 August,2023,August,8,31,2023-08-31,1693462806,2025-07-13T17:18:22.460Z,2023-8-31
1693203011_9304_SEMI WEEKLY DTD.28.08.2023 MONDAY.pdf,Price List - August 2023 - 28 August,2023,August,8,28,2023-08-28,1693203011,2025-07-13T17:18:22.460Z,2023-8-28
1692857960_4300_Semi Weekly DTD.24.08.2023THURSDAY_.pdf,Price List - August 2023 - 24 August,2023,August,8,24,2023-08-24,1692857960,2025-07-13T17:18:22.460Z,2023-8-24
1692609988_4485_SEMI WEEKLY DTD.21.08.2023 MONDAY.pdf,Price List - August 2023 - 21 August,2023,August,8,21,2023-08-21,1692609988,2025-07-13T17:18:22.460Z,2023-8-21
1692252825_2738_Semi Weekly DTD.17.08.2023THURSDAY_.pdf,Price List - August 2023 - 17 August,2023,August,8,17,2023-08-17,1692252825,2025-07-13T17:18:22.460Z,2023-8-17
1691993441_1181_SEMI WEEKLY DTD.14.08.2023 MONDAY.pdf,Price List - August 2023 - 14 August,2023,August,8,14,2023-08-14,1691993441,2025-07-13T17:18:22.460Z,2023-8-14
1691660588_4503_Semi Weekly DTD.10.08.2023THURSDAY_.pdf,Price List - August 2023 - 10 August,2023,August,8,10,2023-08-10,1691660588,2025-07-13T17:18:22.460Z,2023-8-10
1691574158_4797_SEMI WEEKLY DTD.07.08.2023 MONDAY.pdf,Price List - August 2023 - 7 August,2023,August,8,7,2023-08-07,1691574158,2025-07-13T17:18:22.460Z,2023-8-7
1691574101_5574_Semi Weekly DTD.03.08.2023THURSDAY_.pdf,Price List - August 2023 - 3 August,2023,August,8,3,2023-08-03,1691574101,2025-07-13T17:18:22.460Z,2023-8-3
1691045781_765_Price-List-31st-July-2023.pdf,Price List - July 2023 - 31 July,2023,July,7,31,2023-07-31,1691045781,2025-07-13T17:18:22.460Z,2023-7-31
1691045727_6421_Price-List-27th-July-2023.pdf,Price List - July 2023 - 27 July,2023,July,7,27,2023-07-27,1691045727,2025-07-13T17:18:22.460Z,2023-7-27
1691045658_4345_Price-List-24th-July-2023.pdf,Price List - July 2023 - 24 July,2023,July,7,24,2023-07-24,1691045658,2025-07-13T17:18:22.460Z,2023-7-24
1691045631_981_Price-List-20th-July-2023.pdf,Price List - July 2023 - 20 July,2023,July,7,20,2023-07-20,1691045631,2025-07-13T17:18:22.460Z,2023-7-20
1691045594_3361_Price-List-17th-July-2023.pdf,Price List - July 2023 - 17 July,2023,July,7,17,2023-07-17,1691045594,2025-07-13T17:18:22.460Z,2023-7-17
1691045549_2475_Price-List-13th-July-2023-1.pdf,Price List - July 2023 - 13 July,2023,July,7,13,2023-07-13,1691045549,2025-07-13T17:18:22.460Z,2023-7-13
1690975198_1603_Price-List-10th-July-2023.pdf,Price List - July 2023 - 10 July,2023,July,7,10,2023-07-10,1690975198,2025-07-13T17:18:22.460Z,2023-7-10
1690975153_3478_Price-List-06th-July-2023.pdf,Price List - July 2023 - 06 July,2023,July,7,6,2023-07-06,1690975153,2025-07-13T17:18:22.461Z,2023-7-06
1690975077_3457_Price-List-03rd-July-2023.pdf,Price List - July 2023 - 03 July,2023,July,7,3,2023-07-03,1690975077,2025-07-13T17:18:22.461Z,2023-7-03
1690974986_5965_Price-List-29th-June-2023.pdf,Price List - June 2023 - 29 June,2023,June,6,29,2023-06-29,1690974986,2025-07-13T17:18:22.461Z,2023-6-29
1690974958_4876_Price-List-26th-June-2023.pdf,Price List - June 2023 - 26 June,2023,June,6,26,2023-06-26,1690974958,2025-07-13T17:18:22.461Z,2023-6-26
1690974785_8677_Price-List-22nd-June-2023.pdf,Price List - June 2023 - 22 June,2023,June,6,22,2023-06-22,1690974785,2025-07-13T17:18:22.461Z,2023-6-22
1690974749_8176_Price-List-19th-June-2023.pdf,Price List - June 2023 - 19 June,2023,June,6,19,2023-06-19,1690974749,2025-07-13T17:18:22.461Z,2023-6-19
1690974703_4210_Price-List-15th-June-2023.pdf,Price List - June 2023 - 15 June,2023,June,6,15,2023-06-15,1690974703,2025-07-13T17:18:22.461Z,2023-6-15
1690974672_9036_Price-List-12th-June-2023.pdf,Price List - June 2023 - 12 June,2023,June,6,12,2023-06-12,1690974672,2025-07-13T17:18:22.461Z,2023-6-12
1690974625_710_Price-List-08th-June-2023.pdf,Price List - June 2023 - 08 June,2023,June,6,8,2023-06-08,1690974625,2025-07-13T17:18:22.461Z,2023-6-08
1690974421_Price-List-01st-June-2023.pdf,Price List - June 2023 - 01 June,2023,June,6,1,2023-06-01,1690974421,2025-07-13T17:18:22.461Z,2023-6-01
1752476844_3118_SEMI WEEKLY DTD.14.07.2025 MONDAY_.pdf,Price List - July 2025 - 14 July,2025,July,7,14,2025-07-14,1752476844,2025-07-14T07:30:08.820Z,2025-7-14
1745822215_1615_SEMI WEEKLY DTD.28.04.2025 MONDAY_.pdf,Price List - Apr 2025 - 28 April,2025,Apr,4,28,2025-04-28,1745822215,2025-07-14T15:21:13.217Z,2025-4-28
1745478108_3539_Semi Weekly 24.04.2025 THURSDAY.pdf,Price List - Apr 2025 - 24 April,2025,Apr,4,24,2025-04-24,1745478108,2025-07-14T15:21:13.217Z,2025-4-24
1745215757_1322_SEMI WEEKLY DTD.21.04.2025 MONDAY_.pdf,Price List - Apr 2025 - 21 April,2025,Apr,4,21,2025-04-21,1745215757,2025-07-14T15:21:13.217Z,2025-4-21
1744874644_2441_Semi Weekly 17.04.2025 THURSDAY.pdf,Price List - Apr 2025 - 17 April,2025,Apr,4,17,2025-04-17,1744874644,2025-07-14T15:21:13.217Z,2025-4-17
1744609930_2521_SEMI WEEKLY DTD.14.04.2025 MONDAY_.pdf,Price List - Apr 2025 - 14 April,2025,Apr,4,14,2025-04-14,1744609930,2025-07-14T15:21:13.217Z,2025-4-14
1744265164_5681_Semi Weekly 10.04.2025 THURSDAY (002).pdf,Price List - Apr 2025 - 10 April,2025,Apr,4,10,2025-04-10,1744265164,2025-07-14T15:21:13.217Z,2025-4-10
1744006750_633_SEMI WEEKLY DTD.07.04.2025 MONDAY_.pdf,Price List - Apr 2025 - 07 April,2025,Apr,4,7,2025-04-07,1744006750,2025-07-14T15:21:13.217Z,2025-4-07
1743662473_5049_Semi Weekly 03.04.2025 THURSDAY.pdf,Price List - Apr 2025 - 03 April,2025,Apr,4,3,2025-04-03,1743662473,2025-07-14T15:21:13.217Z,2025-4-03
1743402068_725_SEMI WEEKLY DTD.31.03.2025 MONDAY_.pdf,Price List - Mar 2025 - 31 March,2025,Mar,3,31,2025-03-31,1743402068,2025-07-14T15:21:13.217Z,2025-3-31
1743145929_8764_Semi Weekly 27.03.2025 THURSDAY.pdf,Price List - Mar 2025 - 27 March,2025,Mar,3,27,2025-03-27,1743145929,2025-07-14T15:21:13.217Z,2025-3-27
1742974170_8625_SEMI WEEKLY DTD.24.03.2025 MONDAY_ (002).pdf,Price List - Mar 2025 - 24 March,2025,Mar,3,24,2025-03-24,1742974170,2025-07-14T15:21:13.217Z,2025-3-24
1742452798_8650_Semi Weekly 20.03.2025 THURSDAY.pdf,Price List - Mar 2025 - 20 March,2025,Mar,3,20,2025-03-20,1742452798,2025-07-14T15:21:13.217Z,2025-3-20
1742193643_9745_SEMI WEEKLY DTD.17.03.2025 MONDAY_.pdf,Price List - Mar 2025 - 17 March,2025,Mar,3,17,2025-03-17,1742193643,2025-07-14T15:21:13.217Z,2025-3-17
1741843580_4200_Semi Weekly 13.03.2025 THURSDAY.pdf,Price List - Mar 2025 - 13 March,2025,Mar,3,13,2025-03-13,1741843580,2025-07-14T15:21:13.217Z,2025-3-13
1741585821_273_SEMI WEEKLY DTD.10.03.2025 MONDAY_.pdf,Price List - Mar 2025 - 10 March,2025,Mar,3,10,2025-03-10,1741585821,2025-07-14T15:21:13.217Z,2025-3-10
1741241369_7596_Semi Weekly 06.03.2025 THURSDAY.pdf,Price List - Mar 2025 - 6 March,2025,Mar,3,6,2025-03-06,1741241369,2025-07-14T15:21:13.217Z,2025-3-6
1740982394_7013_SEMI WEEKLY DTD.03.03.2025 MONDAY_.pdf,Price List - Mar 2025 - 3 March,2025,Mar,3,3,2025-03-03,1740982394,2025-07-14T15:21:13.217Z,2025-3-3
1740642777_5982_Semi Weekly 27.02.2025 THURSDAY.pdf,Price List - Feb 2025 - 27 February,2025,Feb,2,27,2025-02-27,1740642777,2025-07-14T15:21:13.217Z,2025-2-27
1740378467_7843_SEMI WEEKLY DTD.24.02.2025 MONDAY_.pdf,Price List - Feb 2025 - 24 February,2025,Feb,2,24,2025-02-24,1740378467,2025-07-14T15:21:13.217Z,2025-2-24
1740206657_8056_Semi Weekly 20.02.2025 THURSDAY.pdf,Price List - Feb 2025 - 20 February,2025,Feb,2,20,2025-02-20,1740206657,2025-07-14T15:21:13.217Z,2025-2-20
1740206622_9759_SEMI WEEKLY DTD.17.02.2025 MONDAY..pdf,Price List - Feb 2025 - 17 February,2025,Feb,2,17,2025-02-17,1740206622,2025-07-14T15:21:13.217Z,2025-2-17
1739430294_1798_Semi Weekly 13.02.2025 THURSDAY.pdf,Price List - Feb 2025 - 13 February,2025,Feb,2,13,2025-02-13,1739430294,2025-07-14T15:21:13.217Z,2025-2-13
1739167972_2973_SEMI WEEKLY DTD.10.02.2025 MONDAY_.pdf,Price List - Feb 2025 - 10 February,2025,Feb,2,10,2025-02-10,1739167972,2025-07-14T15:21:13.217Z,2025-2-10
1738825733_6773_Semi Weekly 06.02.2025 THURSDAY.pdf,Price List - Feb 2025 - 6 February,2025,Feb,2,6,2025-02-06,1738825733,2025-07-14T15:21:13.217Z,2025-2-6
1738562702_9459_SEMI WEEKLY DTD.03.02.2025 MONDAY_.pdf,Price List - Feb 2025 - 3 February,2025,Feb,2,3,2025-02-03,1738562702,2025-07-14T15:21:13.217Z,2025-2-3
1735534942_3399_SEMI WEEKLY DTD.30.12.2024 MONDAY_.pdf,Price List - Dec 2024 - 30 December,2024,Dec,12,30,2024-12-30,1735534942,2025-07-14T15:30:38.999Z,2024-12-30
1735198688_9851_Semi Weekly 26.12.2024 THURSDAY.pdf,Price List - Dec 2024 - 26 December,2024,Dec,12,26,2024-12-26,1735198688,2025-07-14T15:30:38.999Z,2024-12-26
1734929637_6061_SEMI WEEKLY DTD.23.12.2024 MONDAY_.pdf,Price List - Dec 2024 - 23 December,2024,Dec,12,23,2024-12-23,1734929637,2025-07-14T15:30:38.999Z,2024-12-23
1734588467_2729_Semi Weekly 19.12.2024 THURSDAY.pdf,Price List - Dec 2024 - 19 December,2024,Dec,12,19,2024-12-19,1734588467,2025-07-14T15:30:38.999Z,2024-12-19
1734406264_277_SEMI WEEKLY DTD.16.12.2024 MONDAY_.pdf,Price List - Dec 2024 - 16 December,2024,Dec,12,16,2024-12-16,1734406264,2025-07-14T15:30:38.999Z,2024-12-16
1733990654_4370_Semi Weekly 12.12.2024 THURSDAY.pdf,Price List - Dec 2024 - 12 December,2024,Dec,12,12,2024-12-12,1733990654,2025-07-14T15:30:38.999Z,2024-12-12
1733811380_9840_SEMI WEEKLY DTD.09.12.2024 MONDAY_.pdf,Price List - Dec 2024 - 9 December,2024,Dec,12,9,2024-12-09,1733811380,2025-07-14T15:30:38.999Z,2024-12-9
1733378054_138_Semi Weekly 05.12.2024 THURSDAY.pdf,Price List - Dec 2024 - 5 December,2024,Dec,12,5,2024-12-05,1733378054,2025-07-14T15:30:38.999Z,2024-12-5
1733119338_801_SEMI WEEKLY DTD.02.12.2024 MONDAY_.pdf,Price List - Dec 2024 - 2 December,2024,Dec,12,2,2024-12-02,1733119338,2025-07-14T15:30:38.999Z,2024-12-2
1732773517_3321_Semi Weekly 28.11.2024 THURSDAY.pdf,Price List - Nov 2024 - 28 November,2024,Nov,11,28,2024-11-28,1732773517,2025-07-14T15:30:38.999Z,2024-11-28
1732513990_1441_SEMI WEEKLY DTD.25.11.2024 MONDAY_.pdf,Price List - Nov 2024 - 25 November,2024,Nov,11,25,2024-11-25,1732513990,2025-07-14T15:30:38.999Z,2024-11-25
1732168234_3097_Semi Weekly 21.11.2024 THURSDAY.pdf,Price List - Nov 2024 - 21 November,2024,Nov,11,21,2024-11-21,1732168234,2025-07-14T15:30:38.999Z,2024-11-21
1731911605_6759_SEMI WEEKLY DTD.18.11.2024 MONDAY_.pdf,Price List - Nov 2024 - 18 November,2024,Nov,11,18,2024-11-18,1731911605,2025-07-14T15:30:38.999Z,2024-11-18
1731653094_4362_Semi Weekly 14.11.2024 THURSDAY.pdf,Price List - Nov 2024 - 14 November,2024,Nov,11,14,2024-11-14,1731653094,2025-07-14T15:30:38.999Z,2024-11-14
1731307190_7945_SEMI WEEKLY DTD.11.11.2024 MONDAY_.pdf,Price List - Nov 2024 - 11 November,2024,Nov,11,11,2024-11-11,1731307190,2025-07-14T15:30:38.999Z,2024-11-11
1730958558_9394_Semi Weekly 07.11.2024 THURSDAY.pdf,Price List - Nov 2024 - 7 November,2024,Nov,11,7,2024-11-07,1730958558,2025-07-14T15:30:38.999Z,2024-11-7
1730704298_7870_SEMI WEEKLY DTD.04.11.2024 MONDAY_.pdf,Price List - Nov 2024 - 4 November,2024,Nov,11,4,2024-11-04,1730704298,2025-07-14T15:30:38.999Z,2024-11-4
1730363684_6081_Semi Weekly DTD.31.10.2024 THURSDAY.pdf,Price List - Oct 2024 - 31 October,2024,Oct,10,31,2024-10-31,1730363684,2025-07-14T15:30:38.999Z,2024-10-31
1730095430_2421_SEMI WEEKLY DTD.28.10.2024 MONDAY_.pdf,Price List - Oct 2024 - 28 October,2024,Oct,10,28,2024-10-28,1730095430,2025-07-14T15:30:38.999Z,2024-10-28
1729854346_6786_Semi Weekly DTD.24.10.2024 THURSDAY.pdf,Price List - Oct 2024 - 24 October,2024,Oct,10,24,2024-10-24,1729854346,2025-07-14T15:30:38.999Z,2024-10-24
1729490198_2125_SEMI WEEKLY DTD.21.10.2024 MONDAY_.pdf,Price List - Oct 2024 - 21 October,2024,Oct,10,21,2024-10-21,1729490198,2025-07-14T15:30:38.999Z,2024-10-21
1729146545_4828_Semi Weekly DTD.17.10.2024 THURSDAY.pdf,Price List - Oct 2024 - 17 October,2024,Oct,10,17,2024-10-17,1729146545,2025-07-14T15:30:38.999Z,2024-10-17
1728886021_4388_SEMI WEEKLY DTD.14.10.2024 MONDAY_.pdf,Price List - Oct 2024 - 14 October,2024,Oct,10,14,2024-10-14,1728886021,2025-07-14T15:30:38.999Z,2024-10-14
1728543704_4828_Semi Weekly DTD10.10.2024 THURSDAY.pdf,Price List - Oct 2024 - 10 October,2024,Oct,10,10,2024-10-10,1728543704,2025-07-14T15:30:38.999Z,2024-10-10
1728284388_9635_SEMI WEEKLY DTD.07.10.2024 MONDAY_.pdf,Price List - Oct 2024 - 7 October,2024,Oct,10,7,2024-10-07,1728284388,2025-07-14T15:30:38.999Z,2024-10-7
1727940910_7029_Semi Weekly DTD.03.10.2024 THURSDAY.pdf,Price List - Oct 2024 - 3 October,2024,Oct,10,3,2024-10-03,1727940910,2025-07-14T15:30:38.999Z,2024-10-3
1727677630_3053_SEMI WEEKLY DTD.30.09.2024 MONDAY_.pdf,Price List - Sep 2024 - 30 September,2024,Sep,9,30,2024-09-30,1727677630,2025-07-14T16:22:32.564Z,2024-9-30
1727333632_2725_Semi Weekly DTD.26.09.2024 THURSDAY.pdf,Price List - Sep 2024 - 26 September,2024,Sep,9,26,2024-09-26,1727333632,2025-07-14T16:22:32.564Z,2024-9-26
1727077170_9144_SEMI WEEKLY DTD.23.09.2024 MONDAY_.pdf,Price List - Sep 2024 - 23 September,2024,Sep,9,23,2024-09-23,1727077170,2025-07-14T16:22:32.564Z,2024-9-23
1726729939_6858_Semi Weekly DTD.19.09.2024 THURSDAY.pdf,Price List - Sep 2024 - 19 September,2024,Sep,9,19,2024-09-19,1726729939,2025-07-14T16:22:32.564Z,2024-9-19
1726645583_8679_SEMI WEEKLY DTD.16.09.2024.pdf,Price List - Sep 2024 - 16 September,2024,Sep,9,16,2024-09-16,1726645583,2025-07-14T16:22:32.564Z,2024-9-16
1726120360_7682_Semi Weekly DTD.12.09.2024 THURSDAY.pdf,Price List - Sep 2024 - 12 September,2024,Sep,9,12,2024-09-12,1726120360,2025-07-14T16:22:32.564Z,2024-9-12
1725949945_9889_SEMI WEEKLY DTD.09.09.2024 MONDAY_.pdf,Price List - Sep 2024 - 9 September,2024,Sep,9,9,2024-09-09,1725949945,2025-07-14T16:22:32.564Z,2024-9-9
1725604415_6512_Semi Weekly DTD.05.09.2024 THURSDAY.pdf,Price List - Sep 2024 - 5 September,2024,Sep,9,5,2024-09-05,1725604415,2025-07-14T16:22:32.564Z,2024-9-5
1725264880_2196_SEMI WEEKLY DTD.02.09.2024 MONDAY_.pdf,Price List - Sep 2024 - 2 September,2024,Sep,9,2,2024-09-02,1725264880,2025-07-14T16:22:32.564Z,2024-9-2
1724913450_7247_Semi Weekly DTD.29.08.2024 THURSDAY.pdf,Price List - Aug 2024 - 29 August,2024,Aug,8,29,2024-08-29,1724913450,2025-07-14T16:22:32.564Z,2024-8-29
1724651730_4218_SEMI WEEKLY DTD.26.08.2024 MONDAY_.pdf,Price List - Aug 2024 - 26 August,2024,Aug,8,26,2024-08-26,1724651730,2025-07-14T16:22:32.564Z,2024-8-26
1724307066_2937_Semi Weekly DTD.22.08.2024 THURSDAY.pdf,Price List - Aug 2024 - 22 August,2024,Aug,8,22,2024-08-22,1724307066,2025-07-14T16:22:32.564Z,2024-8-22
1724138609_4767_SEMI WEEKLY DTD.20.08.2024.pdf,Price List - Aug 2024 - 20 August,2024,Aug,8,20,2024-08-20,1724138609,2025-07-14T16:22:32.564Z,2024-8-20
1723785258_8742_Semi Weekly DTD.16.08.2024 FRIDAY.pdf,Price List - Aug 2024 - 16 August,2024,Aug,8,16,2024-08-16,1723785258,2025-07-14T16:22:32.564Z,2024-8-16
1723443751_3371_SEMI WEEKLY 12.08.2024 MONDAY.pdf,Price List - Aug 2024 - 12 August,2024,Aug,8,12,2024-08-12,1723443751,2025-07-14T16:22:32.564Z,2024-8-12
1723097992_1987_Semi Weekly DTD.08.08.2024 THURSDAY.pdf,Price List - Aug 2024 - 8 August,2024,Aug,8,8,2024-08-08,1723097992,2025-07-14T16:22:32.564Z,2024-8-8
1722840624_8544_SEMI WEEKLY 05.08.2024 MONDAY.pdf,Price List - Aug 2024 - 5 August,2024,Aug,8,5,2024-08-05,1722840624,2025-07-14T16:22:32.564Z,2024-8-5
1722496224_3120_Semi Weekly DTD.01.08.2024 THURSDAY.pdf,Price List - Aug 2024 - 1 August,2024,Aug,8,1,2024-08-01,1722496224,2025-07-14T16:22:32.564Z,2024-8-1
1722236615_8389_SEMI WEEKLY 29.07.2024 MONDAY.pdf,Price List - July 2024 - 29 July,2024,July,7,29,2024-07-29,1722236615,2025-07-14T16:22:32.564Z,2024-7-29
1721890348_8820_Semi Weekly DTD.25.07.2024 THURSDAY.pdf,Price List - July 2024 - 25 July,2024,July,7,25,2024-07-25,1721890348,2025-07-14T16:22:32.564Z,2024-7-25
1721629242_9076_SEMI WEEKLY 22.07.2024 MONDAY.pdf,Price List - July 2024 - 22 July,2024,July,7,22,2024-07-22,1721629242,2025-07-14T16:22:32.564Z,2024-7-22
1721284005_3341_Semi Weekly DTD.18.07.2024 THURSDAY.pdf,Price List - July 2024 - 18 July,2024,July,7,18,2024-07-18,1721284005,2025-07-14T16:22:32.564Z,2024-7-18
1721025493_8243_SEMI WEEKLY 15.07.2024 MONDAY.pdf,Price List - July 2024 - 15 July,2024,July,7,15,2024-07-15,1721025493,2025-07-14T16:22:32.564Z,2024-7-15
1720679796_6186_Semi Weekly DTD.11.07.2024 THURSDAY.pdf,Price List - July 2024 - 11 July,2024,July,7,11,2024-07-11,1720679796,2025-07-14T16:22:32.564Z,2024-7-11
1720421684_1081_Semi Weekly Mon. 08.07.2024.pdf,Price List - July 2024 - 8 July,2024,July,7,8,2024-07-08,1720421684,2025-07-14T16:22:32.564Z,2024-7-8
1720072619_2012_Semi Weekly DTD.04.07.2024 THURSDAY.pdf,Price List - July 2024 - 4 July,2024,July,7,4,2024-07-04,1720072619,2025-07-14T16:22:32.564Z,2024-7-4
1719813270_2089_SEMI WEEKLY DTD.01.07.2024 MONDAY.pdf,Price List - July 2024 - 1 July,2024,July,7,1,2024-07-01,1719813270,2025-07-14T16:22:32.564Z,2024-7-1
1752737829_7207_Semi Weekly 17.07.2025 THURSDAY.pdf,Price List - July 2025 - 17 July,2025,July,7,17,2025-07-17,1752737829,2025-07-17T08:00:09.412Z,2025-7-17
1753079323_4463_SEMI WEEKLY DTD.21.07.2025 MONDAY_.pdf,Price List - July 2025 - 21 July,2025,July,7,21,2025-07-21,1753079323,2025-07-21T06:44:51.760Z,2025-7-21
1753343249_85_Semi Weekly 24.07.2025 THURSDAY.pdf,Price List - July 2025 - 24 July,2025,July,7,24,2025-07-24,1753343249,2025-07-24T08:00:08.300Z,2025-7-24
1753685336_347_SEMI WEEKLY DTD.28.07.2025 MONDAY_.pdf,Price List - July 2025 - 28 July,2025,July,7,28,2025-07-28,1753685336,2025-07-28T07:00:04.141Z,2025-7-28
1753943434_5876_Semi Weekly 31.07.2025 THURSDAY.pdf,Price List - July 2025 - 31 July,2025,July,7,31,2025-07-31,1753943434,2025-07-31T07:00:03.325Z,2025-7-31
1754289011_882_SEMI WEEKLY DTD.04.08.2025 MONDAY_.pdf,Price List - Aug 2025 - 4 Aug,2025,Aug,8,4,2025-08-04,1754289011,2025-08-04T07:00:01.428Z,2025-8-4
1754550400_5901_Semi Weekly 07.08.2025 THURSDAY.pdf,Price List - Aug 2025 - 7 Aug,2025,Aug,8,7,2025-08-07,1754550400,2025-08-07T07:29:58.716Z,2025-8-7
1719469592_2143_Semi Weekly DTD.27.06.2024 THURSDAY.pdf,Price List - June 2024 - 27 June,2024,June,6,27,2024-06-27,1719469592,2025-08-07T18:34:22.355Z,2024-6-27
1719209916_73_SEMI WEEKLY DTD.24.06.2024 MONDAY.pdf,Price List - June 2024 - 24 June,2024,June,6,24,2024-06-24,1719209916,2025-08-07T18:34:22.355Z,2024-6-24
1718863057_2802_Semi Weekly DTD.20.06.2024 THURSDAY.pdf,Price List - June 2024 - 20 June,2024,June,6,20,2024-06-20,1718863057,2025-08-07T18:34:22.355Z,2024-6-20
1718607167_4381_SEMI WEEKLY DTD.17.06.2024 MONDAY.pdf,Price List - June 2024 - 17 June,2024,June,6,17,2024-06-17,1718607167,2025-08-07T18:34:22.355Z,2024-6-17
1718259913_1872_Semi Weekly DTD.13.06.2024 THURSDAY.pdf,Price List - June 2024 - 13 June,2024,June,6,13,2024-06-13,1718259913,2025-08-07T18:34:22.355Z,2024-6-13
1718002340_9061_SEMI WEEKLY DTD.10.06.2024 MONDAY.pdf,Price List - June 2024 - 10 June,2024,June,6,10,2024-06-10,1718002340,2025-08-07T18:34:22.355Z,2024-6-10
1717653942_4161_Semi Weekly DTD.06.06.24 THURSDAY.pdf,Price List - June 2024 - 6 June,2024,June,6,6,2024-06-06,1717653942,2025-08-07T18:34:22.355Z,2024-6-6
1717395414_7945_SEMI WEEKLY DTD.03.06.2024 MONDAY.pdf,Price List - June 2024 - 3 June,2024,June,6,3,2024-06-03,1717395414,2025-08-07T18:34:22.355Z,2024-6-3
1717051618_2154_Semi Weekly DTD.30.05.24 THURSDAY.pdf,Price List - May 2024 - 30 May,2024,May,5,30,2024-05-30,1717051618,2025-08-07T18:34:22.355Z,2024-5-30
1716792550_8123_SEMI WEEKLY DTD.27.05.2024 MONDAY.pdf,Price List - May 2024 - 27 May,2024,May,5,27,2024-05-27,1716792550,2025-08-07T18:34:22.355Z,2024-5-27
1716444482_9858_Semi Weekly DTD.23.05.24 THURSDAY.pdf,Price List - May 2024 - 23 May,2024,May,5,23,2024-05-23,1716444482,2025-08-07T18:34:22.355Z,2024-5-23
1716186459_8972_SEMI WEEKLY DTD.20.05.2024 MONDAY.pdf,Price List - May 2024 - 20 May,2024,May,5,20,2024-05-20,1716186459,2025-08-07T18:34:22.355Z,2024-5-20
1715840708_499_Semi Weekly DTD.16.05.24 THURSDAY.pdf,Price List - May 2024 - 16 May,2024,May,5,16,2024-05-16,1715840708,2025-08-07T18:34:22.355Z,2024-5-16
1715581322_1967_SEMI WEEKLY DTD.13.05.2024 MONDAY.pdf,Price List - May 2024 - 13 May,2024,May,5,13,2024-05-13,1715581322,2025-08-07T18:34:22.355Z,2024-5-13
1715239260_7499_Semi Weekly DTD.09.05.24 THURSDAY.pdf,Price List - May 2024 - 9 May,2024,May,5,9,2024-05-09,1715239260,2025-08-07T18:34:22.355Z,2024-5-9
1714975591_6806_SEMI WEEKLY DTD.06.05.2024 MONDAY.pdf,Price List - May 2024 - 6 May,2024,May,5,6,2024-05-06,1714975591,2025-08-07T18:34:22.355Z,2024-5-6
1714630939_5578_Semi Weekly Thu  02.05.2024.pdf,Price List - May 2024 - 2 May,2024,May,5,2,2024-05-02,1714630939,2025-08-07T18:34:22.355Z,2024-5-2
1714372726_2294_SEMI WEEKLY DTD.29.04.2024 MONDAY.pdf,Price List - Apr 2024 - 29 April,2024,Apr,4,29,2024-04-29,1714372726,2025-08-07T18:52:06.503Z,2024-4-29
1714203690_5060_Semi Weekly DTD.25.04.2024 THURSDAY_.pdf,Price List - Apr 2024 - 25 April,2024,Apr,4,25,2024-04-25,1714203690,2025-08-07T18:52:06.503Z,2024-4-25
1713766734_44_SEMI WEEKLY DTD.22.04.2024 MONDAY.pdf,Price List - Apr 2024 - 22 April,2024,Apr,4,22,2024-04-22,1713766734,2025-08-07T18:52:06.503Z,2024-4-22
1713434518_6744_Semi Weekly DTD.18.04.2024 THURSDAY_.pdf,Price List - Apr 2024 - 18 April,2024,Apr,4,18,2024-04-18,1713434518,2025-08-07T18:52:06.503Z,2024-4-18
1713161105_9396_SEMI WEEKLY DTD.15.04.2024 MONDAY.pdf,Price List - Apr 2024 - 15 April,2024,Apr,4,15,2024-04-15,1713161105,2025-08-07T18:52:06.503Z,2024-4-15
1712816590_4277_Semi Weekly DTD.11..04.2024 THURSDAY_.pdf,Price List - Apr 2024 - 11 April,2024,Apr,4,11,2024-04-11,1712816590,2025-08-07T18:52:06.503Z,2024-4-11
1712555671_2151_SEMI WEEKLY DTD.08.04.2024 MONDAY.pdf,Price List - Apr 2024 - 8 April,2024,Apr,4,8,2024-04-08,1712555671,2025-08-07T18:52:06.503Z,2024-4-8
1712216995_137_Semi Weekly DTD.04..04.2024 THURSDAY_.pdf,Price List - Apr 2024 - 4 April,2024,Apr,4,4,2024-04-04,1712216995,2025-08-07T18:52:06.503Z,2024-4-4
1711950794_7005_SEMI WEEKLY DTD.01.04.2024 MONDAY.pdf,Price List - Apr 2024 - 1 April,2024,Apr,4,1,2024-04-01,1711950794,2025-08-07T18:52:06.503Z,2024-4-1
1711606215_1024_Semi Weekly DTD.28..03.2024 THURSDAY_.pdf,Price List - Mar 2024 - 28 March,2024,Mar,3,28,2024-03-28,1711606215,2025-08-07T18:52:06.503Z,2024-3-28
1711523487_4073_SEMI WEEKLY DTD.26.03.2024 TUESDAY.pdf,Price List - Mar 2024 - 26 March,2024,Mar,3,26,2024-03-26,1711523487,2025-08-07T18:52:06.503Z,2024-3-26
1711005867_5435_Semi Weekly DTD.21..03.2024 THURSDAY_.pdf,Price List - Mar 2024 - 21 March,2024,Mar,3,21,2024-03-21,1711005867,2025-08-07T18:52:06.503Z,2024-3-21
1710743057_8520_SEMI WEEKLY DTD.18.03.2024 MONDAY.pdf,Price List - Mar 2024 - 18 March,2024,Mar,3,18,2024-03-18,1710743057,2025-08-07T18:52:06.503Z,2024-3-18
1710399207_7438_Semi Weekly DTD.14..03.2024 THURSDAY_.pdf,Price List - Mar 2024 - 14 March,2024,Mar,3,14,2024-03-14,1710399207,2025-08-07T18:52:06.503Z,2024-3-14
1710139060_5462_SEMI WEEKLY DTD.11.03.2024 MONDAY.pdf,Price List - Mar 2024 - 11 March,2024,Mar,3,11,2024-03-11,1710139060,2025-08-07T18:52:06.503Z,2024-3-11
1709793974_3399_Semi Weekly DTD.07.03.2024 THURSDAY_.pdf,Price List - Mar 2024 - 7 March,2024,Mar,3,7,2024-03-07,1709793974,2025-08-07T18:52:06.503Z,2024-3-7
1709534360_3290_SEMI WEEKLY DTD.04.03.2024 MONDAY.pdf,Price List - Mar 2024 - 4 March,2024,Mar,3,4,2024-03-04,1709534360,2025-08-07T18:52:06.503Z,2024-3-4
1706510168_2944_Semi Weekly DTD. 29.01.2024 MONDAY_.pdf,Price List - Jan 2024 - 29 January,2024,Jan,1,29,2024-01-29,1706510168,2025-08-08T04:04:40.415Z,2024-1-29
1706167337_6861_Semi Weekly DTD.25.01.2024 THURSDAY_.pdf,Price List - Jan 2024 - 25 January,2024,Jan,1,25,2024-01-25,1706167337,2025-08-08T04:04:40.415Z,2024-1-25
1705908582_1538_Semi Weekly DTD. 22.01.2024 MONDAY_.pdf,Price List - Jan 2024 - 22 January,2024,Jan,1,22,2024-01-22,1705908582,2025-08-08T04:04:40.415Z,2024-1-22
1705558421_8049_Semi Weekly DTD.18.01.2024 THURSDAY_.pdf,Price List - Jan 2024 - 18 January,2024,Jan,1,18,2024-01-18,1705558421,2025-08-08T04:04:40.415Z,2024-1-18
1705302917_95_Semi Weekly DTD. 15.01.2024 MONDAY_.pdf,Price List - Jan 2024 - 15 January,2024,Jan,1,15,2024-01-15,1705302917,2025-08-08T04:04:40.415Z,2024-1-15
1704953312_6687_Semi Weekly DTD.11.01.2024 THURSDAY_.pdf,Price List - Jan 2024 - 11 January,2024,Jan,1,11,2024-01-11,1704953312,2025-08-08T04:04:40.416Z,2024-1-11
1704697066_6364_Semi Weekly DTD. 08.01.2024 MONDAY_.pdf,Price List - Jan 2024 - 8 January,2024,Jan,1,8,2024-01-08,1704697066,2025-08-08T04:04:40.416Z,2024-1-8
1704349308_7318_Semi Weekly DTD.04.01.2024 THURSDAY_.pdf,Price List - Jan 2024 - 4 January,2024,Jan,1,4,2024-01-04,1704349308,2025-08-08T04:04:40.416Z,2024-1-4
1704177472_Semi Weekly DTD. 01.01.2024 MONDAY..pdf,Price List - Jan 2024 - 1 January,2024,Jan,1,1,2024-01-01,1704177472,2025-08-08T04:04:40.416Z,2024-1-1
1709190875_475_Semi Weekly DTD.29.02.2024 THURSDAY_.pdf,Price List - Feb 2024 - 29 February,2024,Feb,2,29,2024-02-29,1709190875,2025-08-08T04:08:45.460Z,2024-2-29
1708929187_7490_Semi Weekly DTD. 26.02.2024 MONDAY_.pdf,Price List - Feb 2024 - 26 February,2024,Feb,2,26,2024-02-26,1708929187,2025-08-08T04:08:45.460Z,2024-2-26
1708586537_6882_Semi Weekly DTD.22.02.2024 THURSDAY_.pdf,Price List - Feb 2024 - 22 February,2024,Feb,2,22,2024-02-22,1708586537,2025-08-08T04:08:45.460Z,2024-2-22
1708324247_5636_Semi Weekly DTD. 19.02.2024 MONDAY_.pdf,Price List - Feb 2024 - 19 February,2024,Feb,2,19,2024-02-19,1708324247,2025-08-08T04:08:45.460Z,2024-2-19
1707979600_5369_Semi Weekly DTD.15.02.2024 THURSDAY_.pdf,Price List - Feb 2024 - 15 February,2024,Feb,2,15,2024-02-15,1707979600,2025-08-08T04:08:45.460Z,2024-2-15
1707719659_7601_Semi Weekly DTD. 12.02.2024 MONDAY_.pdf,Price List - Feb 2024 - 12 February,2024,Feb,2,12,2024-02-12,1707719659,2025-08-08T04:08:45.460Z,2024-2-12
1707375613_9139_Semi Weekly DTD.08.02.2024 THURSDAY_.pdf,Price List - Feb 2024 - 8 February,2024,Feb,2,8,2024-02-08,1707375613,2025-08-08T04:08:45.460Z,2024-2-8
1707117170_3402_Semi Weekly DTD. 05.02.2024 MONDAY_.pdf,Price List - Feb 2024 - 5 February,2024,Feb,2,5,2024-02-05,1707117170,2025-08-08T04:08:45.460Z,2024-2-5
1706771826_4974_Semi Weekly DTD.01.02.2024 THURSDAY_.pdf,Price List - Feb 2024 - 1 February,2024,Feb,2,1,2024-02-01,1706771826,2025-08-08T04:08:45.460Z,2024-2-1
